{
  "fork": {
    "fork_1.jpg": [
      0.150735,
      0.338235,
      0.583333,
      0.256536
    ],
    "fork_10.jpg": [
      0.066176,
      0.281046,
      0.761029,
      0.444444
    ],
    "fork_11.jpg": [
      0.04902,
      0.078431,
      0.911765,
      0.341503
    ],
    "fork_12.jpg": [
      0.343137,
      0.104575,
      0.349265,
      0.895425
    ],
    "fork_13.jpg": [
      0.261029,
      0.220588,
      0.431373,
      0.624183
    ],
    "fork_14.jpg": [
      0.140931,
      0.243464,
      0.79902,
      0.267974
    ],
    "fork_15.jpg": [
      0.166667,
      0.04902,
      0.622549,
      0.888889
    ],
    "fork_16.jpg": [
      0.106618,
      0.509804,
      0.729167,
      0.204248
    ],
    "fork_17.jpg": [
      0.297794,
      0.218954,
      0.511029,
      0.598039
    ],
    "fork_18.jpg": [
      0.245098,
      0.433007,
      0.610294,
      0.372549
    ],
    "fork_19.jpg": [
      0.237745,
      0.107843,
      0.604167,
      0.668301
    ],
    "fork_2.jpg": [
      0.308824,
      0.21732,
      0.523284,
      0.596405
    ],
    "fork_20.jpg": [
      0.191176,
      0.25,
      0.677696,
      0.21732
    ],
    "fork_3.jpg": [
      0.080882,
      0.066993,
      0.778186,
      0.635621
    ],
    "fork_4.jpg": [
      0.210784,
      0.163399,
      0.595588,
      0.650327
    ],
    "fork_5.jpg": [
      0.215686,
      0.158497,
      0.623775,
      0.668301
    ],
    "fork_6.jpg": [
      0.10049,
      0.130719,
      0.702206,
      0.694444
    ],
    "fork_7.jpg": [
      0.154412,
      0.320261,
      0.79902,
      0.413399
    ],
    "fork_8.jpg": [
      0.095588,
      0.318627,
      0.85049,
      0.253268
    ],
    "fork_9.jpg": [
      0.167892,
      0.22549,
      0.651961,
      0.616013
    ]
  },
  "scissors": {
    "scissors_1.jpg": [
      0.383578,
      0.20098,
      0.290441,
      0.666667
    ],
    "scissors_10.jpg": [
      0.189951,
      0.148693,
      0.551471,
      0.735294
    ],
    "scissors_11.jpg": [
      0.039216,
      0.143791,
      0.85049,
      0.764706
    ],
    "scissors_12.jpg": [
      0.218137,
      0.137255,
      0.598039,
      0.655229
    ],
    "scissors_13.jpg": [
      0.237745,
      0.197712,
      0.459559,
      0.681373
    ],
    "scissors_14.jpg": [
      0.041667,
      0.071895,
      0.78799,
      0.834967
    ],
    "scissors_15.jpg": [
      0.156863,
      0.171569,
      0.741422,
      0.669935
    ],
    "scissors_16.jpg": [
      0.116422,
      0.279412,
      0.698529,
      0.495098
    ],
    "scissors_17.jpg": [
      0.253676,
      0.143791,
      0.52451,
      0.687908
    ],
    "scissors_18.jpg": [
      0.176471,
      0.122549,
      0.640931,
      0.69281
    ],
    "scissors_19.jpg": [
      0.343137,
      0.031046,
      0.436275,
      0.859477
    ],
    "scissors_2.jpg": [
      0.414216,
      0.174837,
      0.25,
      0.596405
    ],
    "scissors_20.jpg": [
      0.123775,
      0.050654,
      0.743873,
      0.854575
    ],
    "scissors_3.jpg": [
      0.289216,
      0.248366,
      0.419118,
      0.477124
    ],
    "scissors_4.jpg": [
      0.302696,
      0.099673,
      0.398284,
      0.831699
    ],
    "scissors_5.jpg": [
      0.280637,
      0.078431,
      0.488971,
      0.753268
    ],
    "scissors_6.jpg": [
      0.344363,
      0.228758,
      0.387255,
      0.622549
    ],
    "scissors_7.jpg": [
      0.357843,
      0.222222,
      0.338235,
      0.620915
    ],
    "scissors_8.jpg": [
      0.213235,
      0.084967,
      0.518382,
      0.861111
    ],
    "scissors_9.jpg": [
      0.147059,
      0.341503,
      0.808824,
      0.372549
    ]
  }
}